,pred_proba
0,1
1,1
2,1
3,0
4,0
5,0
6,1
7,0
8,1
9,0
10,1
11,0
12,1
13,1
14,1
15,1
16,0
17,0
18,1
19,0
20,1
21,0
22,0
23,0
24,0
25,1
26,0
27,1
28,0
29,0
30,0
31,1
32,1
33,1
34,0
35,1
36,0
37,0
38,1
39,0
40,0
41,1
42,1
43,1
44,0
45,0
46,0
47,1
48,0
49,0
50,0
51,1
52,0
53,1
54,1
55,0
56,1
57,1
58,1
59,1
60,0
61,1
62,1
63,0
64,1
65,1
66,1
67,0
68,1
69,1
70,0
71,0
72,1
73,1
74,0
75,0
76,0
77,0
78,1
79,0
80,1
81,1
82,0
83,0
84,0
85,0
86,0
87,1
88,0
89,0
90,0
91,0
92,1
93,1
94,0
95,0
96,1
97,0
98,1
99,1
100,1
101,1
102,1
103,0
104,0
105,1
106,0
107,1
108,1
109,1
110,1
111,1
112,1
113,1
114,1
115,0
116,1
117,1
118,1
119,1
120,0
121,1
122,0
123,0
124,1
125,1
126,1
127,1
128,0
129,1
130,0
131,1
132,0
133,1
134,1
135,0
136,1
137,0
138,1
139,1
140,1
141,1
142,1
143,1
144,0
145,1
146,0
147,1
148,1
149,0
150,0
151,1
152,1
153,1
154,1
155,0
156,1
157,0
158,1
159,1
160,0
161,0
162,1
163,1
164,1
165,0
166,0
167,0
168,1
169,0
170,0
171,1
172,0
173,1
174,1
175,1
176,1
177,1
178,1
179,1
180,0
181,1
182,0
183,0
184,0
185,1
186,1
187,1
188,0
189,0
190,1
191,0
192,0
193,1
194,0
195,1
196,0
197,0
198,0
199,0
200,1
201,1
202,1
203,1
204,0
205,0
206,0
207,0
208,1
209,0
210,0
211,0
212,0
213,1
214,0
215,0
216,1
217,1
218,0
219,0
220,1
221,1
222,1
223,1
224,0
225,1
226,1
227,1
228,0
229,0
230,1
231,1
232,0
233,0
234,1
235,1
236,0
237,0
238,1
239,0
240,0
241,0
242,1
243,0
244,0
245,1
246,0
247,0
248,0
249,0
250,1
251,0
252,1
253,1
254,0
255,0
256,1
257,1
258,1
259,0
260,0
261,1
262,0
263,1
264,1
265,1
266,1
267,0
268,1
269,0
270,1
271,0
272,1
273,0
274,1
275,0
276,0
277,0
278,1
279,0
280,0
281,1
282,0
283,1
284,1
285,1
286,1
287,1
288,0
289,1
290,0
291,0
292,0
293,1
294,1
295,1
296,0
297,0
298,0
299,0
300,1
301,0
302,0
303,1
304,0
305,0
306,1
307,1
308,1
309,1
310,1
311,0
312,1
313,1
314,1
315,1
316,0
317,0
318,0
319,1
320,0
321,1
322,0
323,1
324,0
325,1
326,0
327,0
328,0
329,0
330,1
331,0
332,1
333,0
334,1
335,0
336,1
337,0
338,1
339,0
340,1
341,0
342,1
343,0
344,0
345,1
346,1
347,1
348,1
349,1
350,1
351,0
352,0
353,1
354,0
355,1
356,1
357,1
358,1
359,0
360,0
361,0
362,0
363,1
364,1
365,1
366,0
367,0
368,0
369,1
370,1
371,1
372,0
373,0
374,0
375,0
376,0
377,1
378,1
379,0
380,0
381,0
382,0
383,1
384,0
385,0
386,0
387,1
388,1
389,0
390,1
391,0
392,1
393,0
394,0
395,0
396,0
397,0
398,0
399,1
400,0
401,0
402,0
403,1
404,0
405,1
406,1
407,1
408,1
409,0
410,1
411,1
412,0
413,1
414,0
415,1
416,1
417,0
418,0
419,1
420,1
421,0
422,1
423,0
424,1
425,1
426,0
427,1
428,1
429,0
430,0
431,1
432,1
433,1
434,1
435,0
436,1
437,0
438,0
439,0
440,1
441,0
442,0
443,0
444,0
445,0
446,0
447,1
448,0
449,1
450,0
451,0
452,0
453,0
454,1
455,1
456,0
457,1
458,1
459,1
460,0
461,0
462,1
463,1
464,1
465,1
466,1
467,1
468,1
469,1
470,1
471,0
472,1
473,1
474,1
475,1
476,1
477,1
478,0
479,0
480,1
481,0
482,0
483,0
484,1
485,0
486,1
487,0
488,0
489,1
490,0
491,1
492,1
493,1
494,1
495,0
496,0
497,0
498,1
499,0
500,1
501,1
502,0
503,1
504,1
505,1
506,0
507,0
508,0
509,1
510,1
511,1
512,0
513,1
514,0
515,0
516,1
517,1
518,1
519,0
520,0
521,1
522,0
523,0
524,0
525,0
526,1
527,1
528,1
529,0
530,0
531,1
532,1
533,1
534,0
535,0
536,0
537,1
538,0
539,0
540,1
541,0
542,1
543,0
544,0
545,0
546,1
547,1
548,1
549,1
550,0
551,0
552,0
553,0
554,1
555,1
556,0
557,1
558,1
559,1
560,1
561,0
562,1
563,0
564,1
565,1
566,0
567,0
568,0
569,0
570,1
571,1
572,1
573,1
574,0
575,0
576,0
577,0
578,1
579,1
580,1
581,0
582,0
583,0
584,0
585,1
586,0
587,1
588,1
589,0
590,0
591,1
592,1
593,0
594,1
595,1
596,0
597,1
598,1
599,0
600,0
601,1
602,1
603,0
604,0
605,1
606,1
607,0
608,0
609,0
610,0
611,1
612,1
613,0
614,0
615,0
616,1
617,1
618,0
619,0
620,0
621,1
622,1
623,1
624,1
625,1
626,1
627,0
628,0
629,0
630,1
631,1
632,0
633,1
634,1
635,0
636,1
637,0
638,0
639,1
640,0
641,1
642,1
643,1
644,1
645,1
646,0
647,0
648,1
649,0
650,0
651,1
652,0
653,0
654,1
655,0
656,1
657,1
658,0
659,0
660,0
661,0
662,1
663,1
664,1
665,1
666,0
667,1
668,0
669,0
670,1
671,0
672,1
673,1
674,1
675,1
676,1
677,0
678,1
679,1
680,0
681,0
682,1
683,0
684,1
685,1
686,1
687,0
688,0
689,1
690,0
691,1
692,0
693,0
694,0
695,0
696,1
697,0
698,0
699,0
700,1
701,0
702,1
703,1
704,0
705,0
706,0
707,0
708,1
709,0
710,0
711,0
712,1
713,1
714,1
715,0
716,1
717,1
718,0
719,1
720,0
721,1
722,1
723,1
724,1
725,1
726,1
727,0
728,0
729,0
730,0
731,0
732,1
733,0
734,1
735,1
736,1
737,1
738,0
739,1
740,1
741,1
742,0
743,0
744,1
745,1
746,1
747,1
748,0
749,1
750,0
751,0
752,1
753,0
754,0
755,1
756,1
757,1
758,0
759,1
760,0
761,1
762,1
763,1
764,1
765,1
766,0
767,0
768,0
769,1
770,0
771,0
772,1
773,0
774,1
775,1
776,0
777,1
778,1
779,1
780,1
781,0
782,1
783,0
784,1
785,1
786,0
787,1
788,0
789,0
790,0
791,1
792,0
793,1
794,1
795,0
796,1
797,0
798,1
799,0
800,1
801,1
802,0
803,0
804,0
805,1
806,0
807,1
808,0
809,0
810,0
811,0
812,0
813,0
814,0
815,1
816,1
817,0
818,1
819,0
820,0
821,0
822,1
823,1
824,0
825,0
826,0
827,0
828,1
829,1
830,1
831,0
832,1
833,1
834,1
835,0
836,1
837,1
838,1
839,1
840,1
841,1
842,1
843,0
844,1
845,1
846,1
847,1
848,1
849,0
850,1
851,0
852,1
853,0
854,0
855,0
856,1
857,0
858,1
859,1
860,0
861,0
862,1
863,0
864,1
865,0
866,1
867,1
868,0
869,1
870,0
871,0
872,0
873,1
874,1
875,0
876,1
877,1
878,1
879,1
880,0
881,1
882,1
883,0
884,0
885,1
886,1
887,1
888,1
889,1
890,1
891,1
892,0
893,1
894,1
895,1
896,1
897,0
898,1
899,1
900,0
901,1
902,1
903,0
904,0
905,1
906,0
907,0
908,1
909,0
910,1
911,0
912,1
913,1
914,1
915,0
916,0
917,1
918,1
919,1
920,1
921,0
922,1
923,1
924,1
925,1
926,0
927,0
928,1
929,1
930,0
931,0
932,1
933,0
934,0
935,0
936,0
937,1
938,1
939,0
940,0
941,1
942,0
943,0
944,1
945,0
946,1
947,1
948,1
949,0
950,1
951,0
952,0
953,1
954,0
955,1
956,0
957,0
958,0
959,1
960,1
961,0
962,1
963,0
964,1
965,0
966,1
967,0
968,1
969,0
970,1
971,1
972,1
973,0
974,1
975,0
976,0
977,1
978,0
979,0
980,0
981,0
982,1
983,0
984,1
985,1
986,1
987,0
988,1
989,1
990,1
991,0
992,1
993,1
994,0
995,0
996,0
997,0
998,1
999,1
1000,1
1001,1
1002,1
1003,1
1004,0
1005,0
1006,1
1007,0
1008,1
1009,1
1010,1
1011,0
1012,0
1013,1
1014,1
1015,1
1016,1
1017,0
1018,1
1019,1
1020,1
1021,1
1022,0
1023,0
1024,1
1025,0
1026,1
1027,0
1028,0
1029,0
1030,0
1031,1
1032,0
1033,0
1034,0
1035,0
1036,0
1037,1
1038,0
1039,1
1040,0
1041,1
1042,1
1043,1
1044,1
1045,1
1046,0
1047,0
1048,1
1049,0
1050,1
1051,1
1052,1
1053,1
1054,0
1055,1
1056,0
1057,0
1058,1
1059,1
1060,0
1061,1
1062,0
1063,1
1064,0
1065,0
1066,0
1067,1
1068,0
1069,0
1070,0
1071,0
1072,0
1073,1
1074,0
1075,1
1076,0
1077,1
1078,1
1079,1
1080,0
1081,1
1082,1
1083,0
1084,0
1085,1
1086,0
1087,1
1088,0
1089,0
1090,0
1091,0
1092,0
1093,1
1094,1
1095,1
1096,1
1097,1
1098,1
1099,1
1100,1
1101,1
1102,0
1103,0
1104,0
1105,1
1106,1
1107,1
1108,1
1109,0
1110,1
1111,0
1112,0
1113,1
1114,0
1115,0
1116,1
1117,1
1118,0
1119,1
1120,1
1121,0
1122,0
1123,1
1124,1
1125,1
1126,0
1127,0
1128,0
1129,0
1130,1
1131,0
1132,0
1133,0
1134,0
1135,1
1136,1
1137,1
1138,0
1139,0
1140,0
1141,0
1142,1
1143,1
1144,0
1145,0
1146,0
1147,0
1148,1
1149,1
1150,0
1151,1
1152,1
1153,1
1154,1
1155,0
1156,1
1157,1
1158,1
1159,0
1160,0
1161,1
1162,0
1163,0
1164,1
1165,1
1166,0
1167,1
1168,0
1169,0
1170,1
1171,1
1172,1
1173,0
1174,0
1175,1
1176,1
1177,1
1178,1
1179,1
1180,1
1181,0
1182,1
1183,0
1184,0
1185,1
1186,0
1187,1
1188,1
1189,0
1190,1
1191,1
1192,0
1193,0
1194,0
1195,1
1196,0
1197,1
1198,1
1199,0
1200,1
1201,1
1202,1
1203,1
1204,1
1205,1
1206,1
1207,0
1208,1
1209,1
1210,1
1211,0
1212,1
1213,0
1214,1
1215,0
1216,1
1217,0
1218,0
1219,1
1220,1
1221,0
1222,0
1223,1
1224,1
1225,0
1226,1
1227,0
1228,1
1229,1
1230,0
1231,1
1232,1
1233,0
1234,0
1235,0
1236,0
1237,1
1238,0
1239,0
1240,1
1241,0
1242,0
1243,0
1244,1
1245,0
1246,0
1247,1
1248,0
1249,0
1250,0
1251,0
1252,0
1253,0
1254,0
1255,1
1256,1
1257,1
1258,0
1259,0
1260,0
1261,0
1262,1
1263,0
1264,1
1265,0
1266,1
1267,0
1268,0
1269,1
1270,0
1271,1
1272,0
1273,0
1274,1
1275,0
1276,1
1277,0
1278,1
1279,1
1280,0
1281,0
1282,1
1283,0
1284,0
1285,1
1286,0
1287,1
1288,0
1289,0
1290,1
1291,1
1292,0
1293,0
1294,1
1295,0
1296,1
1297,0
1298,1
1299,1
1300,0
1301,1
1302,1
1303,1
1304,0
1305,0
1306,1
1307,1
1308,0
1309,0
1310,0
1311,1
1312,0
1313,0
1314,1
1315,0
1316,1
1317,1
1318,1
1319,0
1320,1
1321,1
1322,1
1323,1
1324,0
1325,1
1326,0
1327,1
1328,1
1329,1
1330,0
1331,0
1332,0
1333,0
1334,1
1335,0
1336,1
1337,0
1338,0
1339,1
1340,0
1341,0
1342,0
1343,0
1344,0
1345,0
1346,1
1347,0
1348,0
1349,0
1350,1
1351,1
1352,1
1353,0
1354,0
1355,0
1356,1
1357,1
1358,0
1359,0
1360,0
1361,1
1362,0
1363,1
1364,0
1365,1
1366,1
1367,1
1368,0
1369,0
1370,0
1371,1
1372,0
1373,0
1374,0
1375,0
1376,1
1377,1
1378,0
1379,1
1380,1
1381,0
1382,1
1383,0
1384,0
1385,1
1386,0
1387,1
1388,0
1389,0
1390,1
1391,1
1392,0
1393,1
1394,1
1395,0
1396,1
1397,0
1398,0
1399,0
1400,1
1401,1
1402,1
1403,0
1404,1
1405,1
1406,0
1407,1
1408,0
1409,0
1410,0
1411,1
1412,0
1413,0
1414,0
1415,0
1416,0
1417,1
1418,0
1419,0
1420,0
1421,1
1422,1
1423,1
1424,0
1425,1
1426,0
1427,0
1428,0
1429,1
1430,1
1431,1
1432,1
1433,0
1434,0
1435,1
1436,0
1437,0
1438,0
1439,1
1440,0
1441,0
1442,1
1443,1
1444,1
1445,1
1446,1
1447,0
1448,1
1449,1
1450,0
1451,1
1452,0
1453,1
1454,0
1455,0
1456,1
1457,0
1458,1
1459,1
1460,1
1461,0
1462,0
1463,1
1464,1
1465,1
1466,0
1467,0
1468,1
1469,1
1470,1
1471,0
1472,1
1473,1
1474,1
1475,0
1476,1
1477,1
1478,1
1479,0
1480,1
1481,1
1482,0
1483,0
1484,1
1485,1
1486,1
1487,1
1488,1
1489,0
1490,0
1491,0
1492,1
1493,0
1494,1
1495,1
1496,1
1497,1
1498,0
1499,1
1500,1
1501,0
1502,1
1503,1
1504,1
1505,1
1506,1
1507,0
1508,1
1509,1
1510,0
1511,1
1512,1
1513,0
1514,0
1515,1
1516,1
1517,0
1518,0
1519,1
1520,0
1521,0
1522,1
1523,0
1524,1
1525,0
1526,0
1527,0
1528,1
1529,1
1530,0
1531,0
1532,1
1533,1
1534,1
1535,1
1536,0
1537,0
1538,1
1539,0
1540,0
1541,1
1542,0
1543,1
1544,0
1545,0
1546,1
1547,1
1548,1
1549,1
1550,0
1551,1
1552,1
1553,0
1554,1
1555,1
1556,1
1557,1
1558,0
1559,0
1560,0
1561,0
1562,1
1563,0
1564,0
1565,0
1566,0
1567,1
1568,0
1569,1
1570,0
1571,0
1572,1
1573,0
1574,0
1575,1
1576,1
1577,1
1578,1
1579,0
1580,1
1581,0
1582,1
1583,0
1584,0
1585,0
1586,0
1587,0
1588,0
1589,1
1590,1
1591,0
1592,1
1593,0
1594,0
1595,0
1596,1
1597,0
1598,0
1599,1
1600,0
1601,0
1602,1
1603,0
1604,0
1605,1
1606,1
1607,1
1608,1
1609,1
1610,0
1611,0
1612,0
1613,0
1614,1
1615,1
1616,0
1617,0
1618,1
1619,0
1620,0
1621,0
1622,0
1623,0
1624,1
1625,1
1626,0
1627,1
1628,1
1629,1
1630,0
1631,1
1632,1
1633,0
1634,0
1635,1
1636,1
1637,1
1638,0
1639,0
1640,1
1641,0
1642,0
1643,1
1644,0
1645,0
1646,1
1647,1
1648,0
1649,1
1650,0
1651,1
1652,1
1653,1
1654,0
1655,0
1656,1
1657,1
1658,0
1659,1
1660,1
1661,0
1662,0
1663,1
1664,1
1665,0
1666,0
1667,1
1668,1
1669,0
1670,1
1671,0
1672,1
1673,0
1674,1
1675,0
1676,1
1677,0
1678,1
1679,0
1680,1
1681,0
1682,1
1683,1
1684,1
1685,1
1686,1
1687,0
1688,0
1689,1
1690,0
1691,0
1692,0
1693,1
1694,1
1695,1
1696,1
1697,1
1698,0
1699,1
1700,0
1701,0
1702,0
1703,1
1704,1
1705,1
1706,1
1707,0
1708,1
1709,0
1710,1
1711,1
1712,1
1713,0
1714,0
1715,1
1716,1
1717,1
1718,1
1719,0
1720,0
1721,1
1722,0
1723,0
1724,0
1725,1
1726,1
1727,1
1728,1
1729,1
1730,0
1731,0
1732,0
1733,1
1734,0
1735,0
1736,0
1737,0
1738,1
1739,0
1740,0
1741,0
1742,1
1743,0
1744,1
1745,1
1746,0
1747,0
1748,0
1749,1
1750,1
1751,1
1752,1
1753,1
1754,1
1755,1
1756,0
1757,0
1758,0
1759,0
1760,0
1761,1
1762,0
1763,0
1764,0
1765,0
1766,0
1767,0
1768,0
1769,1
1770,1
1771,0
1772,0
1773,0
1774,0
1775,0
1776,0
1777,1
1778,1
1779,1
1780,0
1781,1
1782,0
1783,1
1784,0
1785,0
1786,0
1787,1
1788,1
1789,0
1790,1
1791,1
1792,0
1793,0
1794,1
1795,0
1796,0
1797,1
1798,0
1799,0
1800,0
1801,1
1802,1
1803,1
1804,1
1805,1
1806,0
1807,1
1808,1
1809,0
1810,1
1811,0
1812,0
1813,1
1814,0
1815,0
1816,0
1817,1
1818,0
1819,0
1820,1
1821,1
1822,0
1823,1
1824,1
1825,0
1826,0
1827,1
1828,0
1829,1
1830,1
1831,1
1832,0
1833,1
1834,0
1835,1
1836,0
1837,0
1838,0
1839,1
1840,0
1841,1
1842,0
1843,1
1844,1
1845,1
1846,1
1847,0
1848,1
1849,0
1850,1
1851,1
1852,1
1853,0
1854,1
1855,0
1856,1
1857,1
1858,0
1859,0
1860,1
1861,0
1862,0
1863,1
1864,1
1865,0
1866,1
1867,1
1868,1
1869,0
1870,1
1871,0
1872,0
1873,0
1874,0
1875,1
1876,1
1877,1
1878,1
1879,0
1880,1
1881,1
1882,1
1883,0
1884,1
1885,0
1886,1
1887,1
1888,0
1889,0
1890,0
1891,1
1892,1
1893,1
1894,1
1895,1
1896,0
1897,0
1898,1
1899,0
1900,1
1901,1
1902,0
1903,1
1904,0
1905,0
1906,1
1907,0
1908,0
1909,0
1910,1
1911,1
1912,0
1913,1
1914,0
1915,1
1916,1
1917,0
1918,0
1919,1
1920,1
1921,0
1922,0
1923,0
1924,0
1925,1
1926,1
1927,0
1928,0
1929,1
1930,0
1931,0
1932,0
1933,0
1934,0
1935,1
1936,0
1937,1
1938,0
1939,0
1940,0
1941,1
1942,1
1943,0
1944,1
1945,1
1946,1
1947,1
1948,1
1949,0
1950,1
1951,1
1952,1
1953,1
1954,0
1955,1
1956,0
1957,0
1958,1
1959,1
1960,0
1961,1
1962,0
1963,0
1964,0
1965,0
1966,1
1967,0
1968,0
1969,1
1970,1
1971,1
1972,1
1973,1
1974,0
1975,0
1976,0
1977,0
1978,1
1979,1
1980,0
1981,0
1982,0
1983,0
1984,0
1985,0
1986,1
1987,1
1988,1
1989,0
1990,1
1991,1
1992,1
1993,1
1994,0
1995,0
1996,0
1997,1
1998,1
1999,0
2000,1
2001,1
2002,1
2003,0
2004,1
2005,1
2006,1
2007,0
2008,0
2009,1
2010,1
2011,0
2012,1
2013,0
2014,1
2015,0
2016,1
2017,0
2018,1
2019,0
2020,1
2021,0
2022,1
2023,0
2024,1
2025,1
2026,1
2027,0
2028,0
2029,1
2030,0
2031,1
2032,0
2033,0
2034,1
2035,0
2036,0
2037,1
2038,1
2039,1
2040,1
2041,0
2042,1
2043,1
2044,1
2045,0
2046,0
2047,1
2048,0
2049,0
2050,1
2051,1
2052,1
2053,0
2054,1
2055,1
2056,0
2057,0
2058,0
2059,1
2060,0
2061,0
2062,0
2063,0
2064,0
2065,0
2066,1
2067,1
2068,1
2069,0
2070,1
2071,0
2072,0
2073,1
2074,1
2075,1
2076,1
2077,1
2078,0
2079,1
2080,0
2081,0
2082,0
2083,1
2084,1
2085,1
2086,0
2087,1
2088,0
2089,1
2090,1
2091,1
2092,1
2093,0
2094,1
2095,0
2096,1
2097,0
2098,1
2099,1
2100,0
2101,0
2102,1
2103,1
2104,1
2105,0
2106,0
2107,0
2108,1
2109,1
2110,0
2111,1
2112,1
2113,0
2114,0
2115,0
2116,1
2117,1
2118,1
2119,0
2120,0
2121,1
2122,0
2123,0
2124,1
2125,1
2126,1
2127,0
2128,1
2129,1
2130,0
2131,1
2132,1
2133,1
2134,0
2135,1
2136,0
2137,1
2138,0
2139,1
2140,1
2141,0
2142,0
2143,1
2144,1
2145,1
2146,1
2147,0
2148,1
2149,0
2150,0
2151,1
2152,0
2153,1
2154,0
2155,1
2156,1
2157,0
2158,1
2159,1
2160,1
2161,0
2162,1
2163,0
2164,1
2165,0
2166,1
2167,0
2168,1
2169,1
2170,0
2171,0
2172,1
2173,0
2174,0
2175,0
2176,0
2177,0
2178,0
2179,0
2180,1
2181,1
2182,1
2183,1
2184,1
2185,1
2186,1
2187,0
2188,0
2189,1
2190,1
2191,1
2192,0
2193,0
2194,1
2195,1
2196,0
2197,1
2198,1
2199,1
2200,1
2201,1
2202,1
2203,1
2204,0
2205,1
2206,0
2207,1
2208,0
2209,0
2210,0
2211,1
2212,0
2213,0
2214,1
2215,0
2216,0
2217,0
2218,1
2219,1
2220,0
2221,0
2222,1
2223,0
2224,1
2225,0
2226,1
2227,1
2228,1
2229,0
2230,1
2231,1
2232,0
2233,0
2234,0
2235,0
2236,1
2237,1
2238,1
2239,1
2240,1
2241,0
2242,1
2243,0
2244,1
2245,1
2246,1
2247,1
2248,0
2249,0
2250,0
2251,1
2252,1
2253,1
2254,1
2255,0
2256,1
2257,0
2258,0
2259,0
2260,1
2261,0
2262,0
2263,0
2264,0
2265,1
2266,1
2267,1
2268,1
2269,1
2270,1
2271,1
2272,1
2273,1
2274,1
2275,0
2276,0
2277,1
2278,1
2279,0
2280,0
2281,0
2282,0
2283,1
2284,1
2285,1
2286,1
2287,0
2288,0
2289,0
2290,0
2291,0
2292,0
2293,0
2294,0
2295,1
2296,0
2297,1
2298,0
2299,1
2300,1
2301,0
2302,1
2303,1
2304,0
2305,1
2306,1
2307,1
2308,0
2309,1
2310,0
2311,0
2312,0
2313,0
2314,0
2315,1
2316,0
2317,0
2318,0
2319,0
2320,1
2321,0
2322,0
2323,0
2324,1
2325,1
2326,1
2327,1
2328,0
2329,0
2330,1
2331,0
2332,1
2333,1
2334,0
2335,1
2336,1
2337,0
2338,0
2339,0
2340,0
2341,1
2342,1
2343,0
2344,1
2345,0
2346,1
2347,0
2348,0
2349,1
2350,0
2351,1
2352,0
2353,1
2354,0
2355,0
2356,0
2357,1
2358,0
2359,1
2360,0
2361,0
2362,0
2363,0
2364,1
2365,1
2366,1
2367,0
2368,0
2369,0
2370,0
2371,1
2372,0
2373,1
2374,0
2375,0
2376,0
2377,1
2378,1
2379,0
2380,0
2381,1
2382,1
2383,0
2384,0
2385,0
2386,1
2387,0
2388,0
2389,0
2390,0
2391,1
2392,0
2393,0
2394,1
2395,1
2396,1
2397,0
2398,1
2399,1
2400,1
2401,1
2402,0
2403,1
2404,0
2405,0
2406,1
2407,0
2408,0
2409,0
2410,1
2411,0
2412,1
2413,1
2414,1
2415,1
2416,1
2417,1
2418,0
2419,1
2420,0
2421,1
2422,0
2423,0
2424,0
2425,0
2426,0
2427,1
2428,1
2429,0
2430,0
2431,1
2432,1
2433,1
2434,0
2435,0
2436,0
2437,0
2438,1
2439,0
2440,1
2441,1
2442,0
2443,0
2444,0
2445,0
2446,1
2447,0
2448,1
2449,0
2450,0
2451,1
2452,0
2453,0
2454,1
2455,1
2456,1
2457,1
2458,1
2459,0
2460,1
2461,1
2462,0
2463,0
2464,1
2465,0
2466,1
2467,1
2468,0
2469,1
2470,0
2471,1
2472,0
2473,0
2474,0
2475,1
2476,1
2477,1
2478,1
2479,1
2480,1
2481,1
2482,1
2483,0
2484,1
2485,1
2486,0
2487,0
2488,1
2489,0
2490,1
2491,1
2492,0
2493,0
2494,0
2495,0
2496,0
2497,0
2498,0
2499,1
2500,1
2501,0
2502,1
2503,1
2504,1
2505,1
2506,0
2507,1
2508,0
2509,1
2510,0
2511,1
2512,1
2513,1
2514,0
2515,1
2516,1
2517,1
2518,1
2519,0
2520,1
2521,0
2522,1
2523,1
2524,1
2525,1
2526,0
2527,0
2528,0
2529,0
2530,1
2531,1
2532,0
2533,1
2534,1
2535,0
2536,0
2537,0
2538,1
2539,1
2540,0
2541,1
2542,0
2543,1
2544,0
2545,1
2546,1
2547,0
2548,1
2549,1
2550,0
2551,1
2552,0
2553,1
2554,1
2555,0
2556,0
2557,1
2558,0
2559,0
2560,1
2561,1
2562,1
2563,1
2564,0
2565,0
2566,1
2567,1
2568,0
2569,0
2570,0
2571,0
2572,0
2573,0
2574,0
2575,0
2576,1
2577,0
2578,0
2579,1
2580,1
2581,1
2582,0
2583,1
2584,0
2585,1
2586,0
2587,0
2588,1
2589,1
2590,0
2591,1
2592,0
2593,0
2594,0
2595,1
2596,1
2597,0
2598,0
2599,1
2600,0
2601,1
2602,0
2603,0
2604,0
2605,1
2606,1
2607,1
2608,0
2609,1
2610,1
2611,1
2612,0
2613,0
2614,0
2615,0
2616,1
2617,0
2618,0
2619,0
2620,0
2621,0
2622,1
2623,1
2624,1
2625,1
2626,1
2627,0
2628,0
2629,0
2630,0
2631,1
2632,1
2633,0
2634,0
2635,0
2636,1
2637,0
2638,0
2639,1
2640,0
2641,1
2642,1
2643,0
2644,0
2645,0
2646,0
2647,0
2648,0
2649,1
2650,0
2651,0
2652,1
2653,1
2654,0
2655,0
2656,1
2657,0
2658,1
2659,0
2660,1
2661,1
2662,0
2663,0
2664,0
2665,1
2666,1
2667,1
2668,1
2669,0
2670,1
2671,0
2672,0
2673,1
2674,0
2675,1
2676,0
2677,1
2678,0
2679,1
2680,0
2681,0
2682,0
2683,0
2684,0
2685,1
2686,1
2687,0
2688,0
2689,0
2690,1
2691,1
2692,1
2693,1
2694,1
2695,0
2696,1
2697,1
2698,0
2699,0
2700,0
2701,1
2702,1
2703,0
2704,1
2705,1
2706,0
2707,1
2708,0
2709,1
2710,0
2711,1
2712,1
2713,1
2714,1
2715,1
2716,1
2717,0
2718,0
2719,0
2720,1
2721,1
2722,1
2723,1
2724,1
2725,1
2726,1
2727,1
2728,0
2729,1
2730,0
2731,0
2732,1
2733,0
2734,0
2735,0
2736,0
2737,1
2738,0
2739,0
2740,0
2741,1
2742,0
2743,1
2744,1
2745,1
2746,1
2747,1
2748,0
2749,0
2750,1
2751,0
2752,0
2753,1
2754,0
2755,0
2756,1
2757,1
2758,1
2759,0
2760,1
2761,0
2762,1
2763,0
2764,0
2765,1
2766,0
2767,1
2768,0
2769,0
2770,1
2771,1
2772,1
2773,1
2774,1
2775,1
2776,0
2777,0
2778,0
2779,0
2780,1
2781,1
2782,0
2783,1
2784,1
2785,0
2786,1
2787,1
2788,1
2789,0
2790,1
2791,0
2792,1
2793,0
2794,1
2795,1
2796,0
2797,1
2798,1
2799,1
2800,0
2801,1
2802,1
2803,0
2804,0
2805,1
2806,0
2807,0
2808,0
2809,1
2810,1
2811,0
2812,1
2813,0
2814,1
2815,1
2816,0
2817,1
2818,1
2819,1
2820,1
2821,0
2822,1
2823,0
2824,0
2825,0
2826,0
2827,1
2828,1
2829,0
2830,0
2831,0
2832,0
2833,0
2834,0
2835,1
2836,0
2837,1
2838,0
2839,1
2840,0
2841,1
2842,1
2843,0
2844,0
2845,0
2846,1
2847,0
2848,0
2849,1
2850,1
2851,0
2852,1
2853,0
2854,0
2855,0
2856,1
2857,0
2858,0
2859,0
2860,1
2861,0
2862,1
2863,0
2864,0
2865,1
2866,1
2867,0
2868,0
2869,0
2870,1
2871,0
2872,0
2873,0
2874,0
2875,1
2876,0
2877,1
2878,1
2879,1
2880,1
2881,1
2882,0
2883,1
2884,1
2885,1
2886,0
2887,1
2888,0
2889,0
2890,0
2891,1
2892,0
2893,1
2894,1
2895,1
2896,0
2897,0
2898,0
2899,0
2900,0
2901,0
2902,1
2903,1
2904,1
2905,0
2906,0
2907,0
2908,0
2909,0
2910,0
2911,0
2912,0
2913,1
2914,1
2915,1
2916,0
2917,0
2918,0
2919,0
2920,1
2921,1
2922,1
2923,0
2924,0
2925,0
2926,0
2927,1
2928,1
2929,0
2930,0
2931,0
2932,0
2933,0
2934,1
2935,1
2936,0
2937,1
2938,1
2939,0
2940,1
2941,0
2942,0
2943,0
2944,0
2945,1
2946,0
2947,0
2948,1
2949,1
2950,0
2951,0
2952,0
2953,1
2954,1
2955,0
2956,0
2957,1
2958,0
2959,1
2960,1
2961,0
2962,1
2963,0
2964,1
2965,1
2966,1
2967,0
2968,1
2969,1
2970,0
2971,1
2972,0
2973,0
2974,1
2975,1
2976,1
2977,0
2978,0
2979,0
2980,1
2981,1
2982,0
2983,1
2984,1
2985,1
2986,0
2987,0
2988,1
2989,1
2990,1
2991,1
2992,0
2993,1
2994,1
2995,0
2996,1
2997,1
2998,1
2999,1
3000,0
3001,1
3002,0
3003,1
3004,1
3005,1
3006,1
3007,0
3008,0
3009,1
3010,0
3011,0
3012,1
3013,0
3014,1
3015,0
3016,1
3017,0
3018,1
3019,1
3020,1
3021,0
3022,1
3023,0
3024,0
3025,0
3026,0
3027,1
3028,1
3029,0
3030,1
3031,0
3032,1
3033,0
3034,1
3035,1
3036,0
3037,1
3038,1
3039,1
3040,1
3041,1
3042,0
3043,1
3044,0
3045,0
3046,0
3047,1
3048,1
3049,1
3050,1
3051,1
3052,0
3053,1
3054,0
3055,1
3056,0
3057,0
3058,0
3059,0
3060,1
3061,1
3062,0
3063,0
3064,0
3065,0
3066,0
3067,1
3068,0
3069,1
3070,0
3071,1
3072,0
3073,0
3074,1
3075,0
3076,1
3077,0
3078,1
3079,0
3080,1
3081,0
3082,1
3083,1
3084,1
3085,0
3086,0
3087,0
3088,0
3089,0
3090,0
3091,0
3092,1
3093,1
3094,1
3095,0
3096,0
3097,1
3098,0
3099,1
3100,0
3101,1
3102,0
3103,1
3104,1
3105,0
3106,0
3107,0
3108,0
3109,0
3110,1
3111,1
3112,1
3113,0
3114,1
3115,0
3116,1
3117,1
3118,1
3119,1
3120,1
3121,0
3122,0
3123,0
3124,1
3125,1
3126,1
3127,0
3128,0
3129,1
3130,0
3131,1
3132,0
3133,0
3134,0
3135,0
3136,1
3137,0
3138,0
3139,1
3140,1
3141,0
3142,1
3143,1
3144,1
3145,0
3146,1
3147,1
3148,0
3149,1
3150,0
3151,1
3152,1
3153,0
3154,0
3155,1
3156,0
3157,0
3158,1
3159,0
3160,1
3161,1
3162,0
3163,0
3164,0
3165,0
3166,0
3167,1
3168,0
3169,0
3170,1
3171,1
3172,0
3173,0
3174,1
3175,0
3176,1
3177,1
3178,1
3179,1
3180,0
3181,1
3182,1
3183,0
3184,0
3185,1
3186,0
3187,0
3188,0
3189,1
3190,1
3191,0
3192,0
3193,1
3194,1
3195,0
3196,0
3197,0
3198,1
3199,0
3200,1
3201,1
3202,0
3203,1
3204,0
3205,1
3206,0
3207,1
3208,1
3209,0
3210,0
3211,1
3212,1
3213,1
3214,1
3215,1
3216,1
3217,1
3218,0
3219,0
3220,0
3221,1
3222,0
3223,1
3224,0
3225,0
3226,1
3227,1
3228,1
3229,1
3230,1
3231,0
3232,0
3233,1
3234,1
3235,1
3236,0
3237,1
3238,0
3239,1
3240,0
3241,1
3242,1
3243,0
3244,0
3245,0
3246,1
3247,0
3248,0
3249,1
3250,0
3251,0
3252,1
3253,1
3254,1
3255,0
3256,0
3257,1
3258,0
3259,1
3260,1
3261,1
3262,1
3263,1
3264,0
3265,1
3266,0
3267,1
3268,1
3269,0
3270,0
3271,1
3272,0
3273,0
3274,0
3275,1
3276,0
3277,1
3278,0
3279,0
3280,0
3281,0
3282,0
3283,0
3284,0
3285,1
3286,0
3287,0
3288,1
3289,0
3290,1
3291,1
3292,1
3293,1
3294,1
3295,0
3296,0
3297,1
3298,1
3299,1
3300,0
3301,1
3302,0
3303,1
3304,0
3305,1
3306,0
3307,1
3308,0
3309,0
3310,1
3311,1
3312,1
3313,0
3314,1
3315,0
3316,1
3317,0
3318,1
3319,1
3320,1
3321,0
3322,1
3323,1
3324,0
3325,0
3326,1
3327,0
3328,0
3329,1
3330,0
3331,0
3332,1
3333,0
3334,1
3335,1
3336,0
3337,1
3338,1
3339,0
3340,0
3341,1
3342,0
3343,1
3344,0
3345,1
3346,0
3347,1
3348,1
3349,1
3350,0
3351,0
3352,1
3353,1
3354,1
3355,0
3356,1
3357,0
3358,0
3359,1
3360,1
3361,1
3362,1
3363,0
3364,0
3365,0
3366,0
3367,1
3368,0
3369,1
3370,1
3371,1
3372,0
3373,0
3374,1
3375,0
3376,1
3377,1
3378,1
3379,0
3380,1
3381,1
3382,1
3383,1
3384,0
3385,1
3386,1
3387,0
3388,1
3389,0
3390,1
3391,1
3392,1
3393,1
3394,1
3395,1
3396,0
3397,0
3398,0
3399,0
3400,0
3401,0
3402,1
3403,1
3404,1
3405,1
3406,0
3407,1
3408,1
3409,0
3410,0
3411,0
3412,1
3413,1
3414,1
3415,0
3416,1
3417,0
3418,1
3419,0
3420,1
3421,1
3422,0
3423,1
3424,0
3425,0
3426,0
3427,1
3428,0
3429,0
3430,0
3431,0
3432,1
3433,0
3434,1
3435,0
3436,0
3437,1
3438,0
3439,1
3440,1
3441,1
3442,0
3443,1
3444,0
3445,0
3446,1
3447,1
3448,0
3449,1
3450,1
3451,1
3452,1
3453,0
3454,1
3455,1
3456,0
3457,0
3458,1
3459,0
3460,0
3461,0
3462,0
3463,1
3464,0
3465,1
3466,1
3467,1
3468,1
3469,1
3470,1
3471,0
3472,0
3473,0
3474,0
3475,1
3476,0
3477,1
3478,0
3479,1
3480,0
3481,0
3482,1
3483,1
3484,0
3485,1
3486,1
3487,1
3488,1
3489,0
3490,1
3491,1
3492,1
3493,0
3494,1
3495,1
3496,1
3497,0
3498,1
3499,0
3500,1
3501,0
3502,1
3503,0
3504,1
3505,0
3506,0
3507,1
3508,0
3509,0
3510,0
3511,1
3512,1
3513,0
3514,0
3515,1
3516,0
3517,0
3518,0
3519,1
3520,1
3521,1
3522,0
3523,1
3524,0
3525,0
3526,1
3527,1
3528,0
3529,0
3530,0
3531,0
3532,0
3533,0
3534,1
3535,0
3536,0
3537,1
3538,1
3539,1
3540,0
3541,1
3542,1
3543,0
3544,1
3545,1
3546,1
3547,0
3548,0
3549,0
3550,0
3551,0
3552,1
3553,0
3554,1
3555,0
3556,1
3557,1
3558,0
3559,1
3560,1
3561,1
3562,1
3563,0
3564,1
3565,1
3566,1
3567,0
3568,1
3569,0
3570,0
3571,0
3572,0
3573,1
3574,0
3575,1
3576,1
3577,0
3578,1
3579,0
3580,0
3581,1
3582,1
3583,1
3584,0
3585,0
3586,0
3587,0
3588,0
3589,1
3590,0
3591,0
3592,0
3593,0
3594,1
3595,1
3596,0
3597,0
3598,0
3599,0
3600,0
3601,0
3602,0
3603,1
3604,1
3605,1
3606,0
3607,1
3608,0
3609,1
3610,0
3611,1
3612,1
3613,1
3614,1
3615,1
3616,1
3617,0
3618,0
3619,1
3620,1
3621,1
3622,1
3623,1
3624,1
3625,0
3626,0
3627,0
3628,1
3629,1
3630,0
3631,1
3632,0
3633,1
3634,1
3635,0
3636,1
3637,1
3638,1
3639,1
3640,1
3641,0
3642,0
3643,1
3644,0
3645,1
3646,1
3647,0
3648,1
3649,0
3650,0
3651,0
3652,1
3653,1
3654,1
3655,1
3656,0
3657,0
3658,0
3659,0
3660,1
3661,1
3662,1
3663,1
3664,0
3665,0
3666,1
3667,1
3668,0
3669,1
3670,0
3671,0
3672,1
3673,1
3674,1
3675,0
3676,0
3677,0
3678,0
3679,0
3680,0
3681,0
3682,0
3683,0
3684,1
3685,1
3686,0
3687,0
3688,1
3689,1
3690,1
3691,0
3692,1
3693,1
3694,1
3695,1
3696,0
3697,1
3698,0
3699,1
3700,1
3701,1
3702,0
3703,1
3704,0
3705,1
3706,0
3707,0
3708,0
3709,0
3710,1
3711,0
3712,0
3713,1
3714,1
3715,1
3716,0
3717,1
3718,1
3719,0
3720,1
3721,0
3722,1
3723,1
3724,0
3725,0
3726,0
3727,1
3728,0
3729,0
3730,0
3731,0
3732,0
3733,1
3734,1
3735,1
3736,0
3737,1
3738,0
3739,0
3740,0
3741,1
3742,1
3743,0
3744,1
3745,0
3746,1
3747,0
3748,1
3749,0
3750,1
3751,0
3752,1
3753,1
3754,1
3755,1
3756,0
3757,0
3758,1
3759,1
3760,0
3761,1
3762,0
3763,1
3764,0
3765,0
3766,0
3767,1
3768,0
3769,1
3770,0
3771,0
3772,0
3773,0
3774,0
3775,0
3776,0
3777,0
3778,0
3779,0
3780,1
3781,0
3782,0
3783,1
3784,0
3785,0
3786,1
3787,0
3788,0
3789,1
3790,0
3791,1
3792,1
3793,1
3794,0
3795,1
3796,0
3797,1
3798,1
3799,1
3800,0
3801,0
3802,0
3803,1
3804,0
3805,0
3806,0
3807,1
3808,1
3809,1
3810,1
3811,0
3812,0
3813,1
3814,0
3815,1
3816,1
3817,0
3818,0
3819,0
3820,0
3821,1
3822,1
3823,0
3824,1
3825,0
3826,0
3827,1
3828,1
3829,1
3830,0
3831,0
3832,1
3833,1
3834,1
3835,0
3836,0
3837,1
3838,0
3839,0
3840,0
3841,1
3842,1
3843,1
3844,1
3845,1
3846,1
3847,1
3848,1
3849,1
3850,1
3851,0
3852,1
3853,0
3854,0
3855,1
3856,1
3857,1
3858,0
3859,0
3860,0
3861,0
3862,0
3863,1
3864,1
3865,0
3866,0
3867,1
3868,1
3869,0
3870,1
3871,0
3872,1
3873,1
3874,0
3875,1
3876,0
3877,1
3878,1
3879,1
3880,1
3881,0
3882,0
3883,1
3884,0
3885,1
3886,0
3887,1
3888,0
3889,1
3890,1
3891,0
3892,1
3893,0
3894,1
3895,1
3896,1
3897,1
3898,1
3899,1
3900,0
3901,1
3902,0
3903,0
3904,1
3905,0
3906,0
3907,1
3908,1
3909,1
3910,0
3911,0
3912,0
3913,1
3914,1
3915,0
3916,1
3917,0
3918,1
3919,0
3920,0
3921,1
3922,1
3923,0
3924,0
3925,0
3926,1
3927,0
3928,0
3929,0
3930,0
3931,1
3932,1
3933,1
3934,1
3935,1
3936,0
3937,1
3938,1
3939,1
3940,0
3941,1
3942,1
3943,1
3944,0
3945,0
3946,1
3947,1
3948,0
3949,1
3950,1
3951,1
3952,0
3953,1
3954,1
3955,1
3956,0
3957,0
3958,0
3959,0
3960,1
3961,1
3962,1
3963,1
3964,1
3965,1
3966,0
3967,1
3968,0
3969,0
3970,0
3971,1
3972,1
3973,1
3974,1
3975,0
3976,1
3977,1
3978,0
3979,0
3980,0
3981,0
3982,1
3983,0
3984,1
3985,1
3986,0
3987,0
3988,1
3989,0
3990,1
3991,1
3992,1
3993,1
3994,0
3995,1
3996,1
3997,1
3998,0
3999,0
4000,1
4001,1
4002,1
4003,0
4004,1
4005,1
4006,0
4007,0
4008,1
4009,1
4010,1
4011,0
4012,1
4013,1
4014,0
4015,1
4016,0
4017,0
4018,1
4019,0
4020,1
4021,0
4022,1
4023,1
4024,0
4025,0
4026,0
4027,0
4028,1
4029,1
4030,0
4031,0
4032,1
4033,0
4034,0
4035,0
4036,1
4037,0
4038,0
4039,0
4040,1
4041,1
4042,0
4043,1
4044,0
4045,0
4046,0
4047,1
4048,0
4049,1
4050,1
4051,0
4052,0
4053,1
4054,1
4055,0
4056,0
4057,1
4058,0
4059,1
4060,0
4061,1
4062,0
4063,1
4064,1
4065,1
4066,0
4067,1
4068,0
4069,0
4070,1
4071,0
4072,1
4073,1
4074,0
4075,1
4076,0
4077,0
4078,1
4079,1
4080,0
4081,0
4082,1
4083,0
4084,0
4085,0
4086,0
4087,0
4088,1
4089,0
4090,1
4091,1
4092,0
4093,0
4094,1
4095,1
4096,0
4097,0
4098,0
4099,0
4100,0
4101,0
4102,0
4103,0
4104,1
4105,1
4106,0
4107,0
4108,1
4109,1
4110,1
4111,1
4112,0
4113,1
4114,0
4115,0
4116,1
4117,0
4118,0
4119,1
4120,0
4121,0
4122,1
4123,1
4124,1
4125,0
4126,0
4127,0
4128,1
4129,1
4130,1
4131,0
4132,0
4133,1
4134,1
4135,1
4136,0
4137,0
4138,1
4139,0
4140,1
4141,1
4142,0
4143,1
4144,1
4145,1
4146,0
4147,1
4148,0
4149,1
4150,0
4151,1
4152,1
4153,0
4154,1
4155,1
4156,0
4157,1
4158,1
4159,0
4160,1
4161,0
4162,1
4163,1
4164,1
4165,0
4166,0
4167,0
4168,1
4169,1
4170,1
4171,1
4172,0
4173,1
4174,1
4175,1
4176,0
4177,1
4178,0
4179,1
4180,0
4181,0
4182,0
4183,1
4184,1
4185,0
4186,1
4187,0
4188,1
4189,0
4190,0
4191,1
4192,0
4193,1
4194,1
4195,1
4196,1
4197,1
4198,1
4199,1
4200,0
4201,1
4202,1
4203,1
4204,0
4205,1
4206,1
4207,0
4208,0
4209,1
4210,0
4211,0
4212,1
4213,1
4214,1
4215,0
4216,0
4217,1
4218,0
4219,0
4220,0
4221,0
4222,0
4223,1
4224,1
4225,0
4226,0
4227,0
4228,1
4229,1
4230,1
4231,0
4232,0
4233,0
4234,0
4235,0
4236,0
4237,0
4238,1
4239,1
4240,1
4241,1
4242,1
4243,0
4244,0
4245,1
4246,0
4247,0
4248,1
4249,0
4250,0
4251,1
4252,1
4253,0
4254,0
4255,1
4256,0
4257,0
4258,1
4259,0
4260,1
4261,0
4262,0
4263,1
4264,1
4265,0
4266,0
4267,1
4268,0
4269,0
4270,0
4271,0
4272,0
4273,1
4274,1
4275,0
4276,0
4277,1
4278,1
4279,0
4280,1
4281,0
4282,0
4283,0
4284,1
4285,0
4286,1
4287,0
4288,1
4289,0
4290,0
4291,0
4292,0
4293,1
4294,0
4295,1
4296,1
4297,0
4298,1
4299,0
4300,0
4301,1
4302,1
4303,1
4304,0
4305,0
4306,1
4307,0
4308,1
4309,1
4310,1
4311,1
4312,1
4313,0
4314,0
4315,1
4316,0
4317,0
4318,0
4319,1
4320,1
4321,1
4322,1
4323,1
4324,0
4325,0
4326,1
4327,0
4328,0
4329,1
4330,0
4331,1
4332,1
4333,1
4334,0
4335,1
4336,1
4337,0
4338,1
4339,1
4340,0
4341,0
4342,0
4343,1
4344,1
4345,0
4346,0
4347,1
4348,0
4349,1
4350,0
4351,1
4352,1
4353,1
4354,0
4355,1
4356,0
4357,0
4358,1
4359,1
4360,0
4361,0
4362,0
4363,0
4364,0
4365,0
4366,1
4367,1
4368,1
4369,0
4370,0
4371,0
4372,0
4373,1
4374,0
4375,0
4376,1
4377,1
4378,1
4379,1
4380,1
4381,0
4382,1
4383,1
4384,1
4385,0
4386,0
4387,1
4388,0
4389,1
4390,0
4391,1
4392,1
4393,1
4394,1
4395,1
4396,0
4397,0
4398,0
4399,1
4400,0
4401,1
4402,1
4403,1
4404,1
4405,0
4406,0
4407,0
4408,1
4409,1
4410,1
4411,0
4412,1
4413,0
4414,0
4415,0
4416,0
4417,1
4418,1
4419,0
4420,1
4421,1
4422,1
4423,0
4424,1
4425,1
4426,1
4427,0
4428,1
4429,1
4430,0
4431,1
4432,1
4433,1
4434,0
4435,0
4436,0
4437,1
4438,1
4439,1
4440,0
4441,0
4442,1
4443,0
4444,0
4445,1
4446,0
4447,1
4448,0
4449,1
4450,1
4451,1
4452,1
4453,0
4454,0
4455,1
4456,0
4457,1
4458,1
4459,0
4460,1
4461,1
4462,0
4463,0
4464,0
4465,0
4466,1
4467,0
4468,0
4469,0
4470,0
4471,1
4472,0
4473,0
4474,1
4475,1
4476,0
4477,0
4478,0
4479,0
4480,1
4481,0
4482,1
4483,0
4484,0
4485,1
4486,1
4487,0
4488,1
4489,0
4490,0
4491,1
4492,0
4493,0
4494,0
4495,1
4496,0
4497,0
4498,1
4499,0
4500,0
4501,0
4502,0
4503,1
4504,0
4505,1
4506,0
4507,1
4508,0
4509,0
4510,0
4511,1
4512,1
4513,1
4514,1
4515,1
4516,0
4517,0
4518,1
4519,0
4520,1
4521,1
4522,1
4523,0
4524,1
4525,1
4526,1
4527,1
4528,0
4529,1
4530,0
4531,0
4532,0
4533,1
4534,0
4535,1
4536,0
4537,1
4538,0
4539,0
4540,0
4541,0
4542,0
4543,0
4544,1
4545,0
4546,1
4547,1
4548,0
4549,0
4550,1
4551,0
4552,0
4553,0
4554,0
4555,0
4556,0
4557,0
4558,0
4559,1
4560,1
4561,1
4562,0
4563,1
4564,0
4565,0
4566,0
4567,0
4568,0
4569,1
4570,1
4571,1
4572,0
4573,0
4574,0
4575,1
4576,0
4577,1
4578,1
4579,0
4580,1
4581,1
4582,1
4583,0
4584,0
4585,0
4586,0
4587,1
4588,0
4589,0
4590,1
4591,1
4592,1
4593,1
4594,0
4595,1
4596,1
4597,0
4598,1
4599,1
4600,0
4601,1
4602,1
4603,0
4604,1
4605,1
4606,0
4607,1
4608,1
4609,0
4610,0
4611,0
4612,1
4613,0
4614,0
4615,1
4616,1
4617,1
4618,0
4619,1
4620,1
4621,1
4622,1
4623,0
4624,0
4625,1
4626,1
4627,0
4628,0
4629,1
4630,0
4631,0
4632,0
4633,1
4634,1
4635,1
4636,0
4637,0
4638,0
4639,1
4640,1
4641,1
4642,1
4643,1
4644,1
4645,1
4646,0
4647,1
4648,1
4649,0
4650,1
4651,1
4652,1
4653,1
4654,1
4655,1
4656,1
4657,1
4658,0
4659,0
4660,1
4661,1
4662,1
4663,0
4664,0
4665,0
4666,1
4667,0
4668,0
4669,1
4670,1
4671,0
4672,1
4673,1
4674,1
4675,0
4676,0
4677,1
4678,1
4679,1
4680,0
4681,1
4682,0
4683,1
4684,1
4685,1
4686,0
4687,0
4688,0
4689,1
4690,0
4691,1
4692,0
4693,0
4694,0
4695,0
4696,1
4697,1
4698,0
4699,0
4700,0
4701,0
4702,0
4703,0
4704,1
4705,0
4706,0
4707,1
4708,0
4709,1
4710,1
4711,1
4712,0
4713,1
4714,1
4715,0
4716,1
4717,1
4718,1
4719,1
4720,1
4721,1
4722,1
4723,1
4724,1
4725,0
4726,0
4727,0
4728,0
4729,0
4730,0
4731,0
4732,0
4733,0
4734,1
4735,1
4736,0
4737,0
4738,1
4739,1
4740,1
4741,0
4742,1
4743,0
4744,0
4745,0
4746,1
4747,0
4748,1
4749,0
4750,1
4751,1
4752,0
4753,0
4754,1
4755,0
4756,0
4757,1
4758,1
4759,1
4760,1
4761,1
4762,1
4763,0
4764,0
4765,1
4766,1
4767,0
4768,0
4769,1
4770,1
4771,1
4772,1
4773,0
4774,0
4775,1
4776,0
4777,1
4778,0
4779,0
4780,1
4781,0
4782,1
4783,1
4784,1
4785,0
4786,1
4787,1
4788,0
4789,1
4790,1
4791,1
4792,0
4793,1
4794,1
4795,1
4796,0
4797,0
4798,1
4799,1
4800,1
4801,1
4802,0
4803,1
4804,1
4805,0
4806,1
4807,0
4808,1
4809,1
4810,1
4811,0
4812,1
4813,0
4814,1
4815,1
4816,1
4817,0
4818,0
4819,1
4820,1
4821,0
4822,0
4823,1
4824,1
4825,0
4826,0
4827,0
4828,0
4829,1
4830,0
4831,0
4832,0
4833,1
4834,0
4835,0
4836,1
4837,0
4838,0
4839,0
4840,0
4841,0
4842,1
4843,1
4844,1
4845,0
4846,1
4847,1
4848,1
4849,0
4850,1
4851,0
4852,1
4853,1
4854,1
4855,1
4856,0
4857,0
4858,0
4859,1
4860,1
4861,0
4862,0
4863,0
4864,1
4865,0
4866,1
4867,1
4868,0
4869,1
4870,1
4871,1
4872,0
4873,0
4874,0
4875,1
4876,1
4877,0
4878,1
4879,1
4880,0
4881,0
4882,0
4883,0
4884,0
4885,0
4886,0
4887,0
4888,0
4889,0
4890,0
4891,0
4892,1
4893,1
4894,0
4895,1
4896,1
4897,1
4898,0
4899,1
4900,0
4901,0
4902,0
4903,1
4904,1
4905,1
4906,1
4907,0
4908,0
4909,0
4910,1
4911,0
4912,0
4913,1
4914,0
4915,0
4916,1
4917,1
4918,1
4919,0
4920,1
4921,1
4922,1
4923,0
4924,1
4925,0
4926,0
4927,0
4928,1
4929,0
4930,0
4931,1
4932,0
4933,1
4934,0
4935,1
4936,1
4937,0
4938,1
4939,1
4940,1
4941,0
4942,1
4943,1
4944,0
4945,0
4946,0
4947,0
4948,1
4949,1
4950,1
4951,0
4952,1
4953,1
4954,1
4955,1
4956,0
4957,1
4958,0
4959,0
4960,0
4961,1
4962,1
4963,1
4964,1
4965,0
4966,1
4967,1
4968,0
4969,1
4970,0
4971,0
4972,1
4973,0
4974,1
4975,1
4976,0
4977,1
4978,1
4979,0
4980,1
4981,1
4982,1
4983,0
4984,1
4985,1
4986,1
4987,0
4988,0
4989,1
4990,0
4991,0
4992,0
4993,0
4994,0
4995,1
4996,1
4997,1
4998,1
4999,1
5000,0
5001,0
5002,1
5003,0
5004,1
5005,0
5006,1
5007,1
5008,1
5009,0
5010,0
5011,1
5012,0
5013,1
5014,1
5015,1
5016,1
5017,1
5018,0
5019,1
5020,1
5021,0
5022,0
5023,0
5024,1
5025,0
5026,0
5027,0
5028,1
5029,1
5030,1
5031,1
5032,1
5033,1
5034,0
5035,0
5036,0
5037,0
5038,0
5039,1
5040,1
5041,0
5042,0
5043,0
5044,1
5045,0
5046,0
5047,1
5048,1
5049,1
5050,0
5051,1
5052,1
5053,1
5054,1
5055,1
5056,0
5057,0
5058,1
5059,1
5060,1
5061,0
5062,0
5063,1
5064,1
5065,1
5066,0
5067,1
5068,1
5069,1
5070,1
5071,0
5072,1
5073,1
5074,1
5075,0
5076,1
5077,1
5078,1
5079,0
5080,1
5081,0
5082,1
5083,1
5084,0
5085,1
5086,1
5087,1
5088,1
5089,1
5090,1
5091,0
5092,0
5093,1
5094,0
5095,1
5096,1
5097,0
5098,0
5099,0
5100,0
5101,0
5102,1
5103,1
5104,1
5105,0
5106,1
5107,0
5108,0
5109,1
5110,1
5111,0
5112,0
5113,1
5114,1
5115,0
5116,0
5117,0
5118,0
5119,0
5120,0
5121,0
5122,0
5123,1
5124,0
5125,0
5126,0
5127,0
5128,0
5129,1
5130,1
5131,0
5132,0
5133,1
5134,1
5135,0
5136,0
5137,0
5138,1
5139,0
5140,0
5141,0
5142,1
5143,1
5144,0
5145,1
5146,1
5147,0
5148,0
5149,0
5150,0
5151,0
5152,0
5153,1
5154,1
5155,0
5156,0
5157,1
5158,0
5159,1
5160,1
5161,0
5162,1
5163,0
5164,0
5165,0
5166,0
5167,0
5168,0
5169,1
5170,1
5171,0
5172,0
5173,0
5174,0
5175,1
5176,0
5177,0
5178,1
5179,1
5180,1
5181,1
5182,0
5183,1
5184,0
5185,1
5186,1
5187,0
5188,0
5189,0
5190,1
5191,1
5192,0
5193,1
5194,0
5195,1
5196,1
5197,0
5198,0
5199,0
5200,1
5201,1
5202,0
5203,0
5204,1
5205,0
5206,1
5207,0
5208,1
5209,1
5210,0
5211,0
5212,0
5213,1
5214,1
5215,1
5216,0
5217,1
5218,0
5219,0
5220,0
5221,1
5222,1
5223,1
5224,1
5225,1
5226,0
5227,0
5228,0
5229,0
5230,1
5231,1
5232,1
5233,0
5234,1
5235,1
5236,0
5237,0
5238,0
5239,0
5240,0
5241,0
5242,0
5243,0
5244,1
5245,1
5246,0
5247,1
5248,1
5249,1
5250,0
5251,0
5252,1
5253,1
5254,1
5255,0
5256,0
5257,0
5258,1
5259,0
5260,0
5261,0
5262,0
5263,1
5264,0
5265,0
5266,1
5267,1
5268,1
5269,0
5270,0
5271,1
5272,0
5273,0
5274,1
5275,0
5276,0
5277,1
5278,0
5279,0
5280,1
5281,0
5282,1
5283,1
5284,1
5285,1
5286,1
5287,0
5288,1
5289,1
5290,1
5291,1
5292,1
5293,0
5294,1
5295,1
5296,1
5297,0
5298,1
5299,0
5300,0
5301,1
5302,0
5303,1
5304,1
5305,1
5306,1
5307,0
5308,0
5309,0
5310,0
5311,1
5312,0
5313,1
5314,1
5315,1
5316,0
5317,0
5318,0
5319,1
5320,1
5321,0
5322,0
5323,0
5324,0
5325,1
5326,0
5327,1
5328,1
5329,1
5330,1
5331,1
5332,0
5333,0
5334,0
5335,0
5336,0
5337,0
5338,1
5339,0
5340,1
5341,1
5342,1
5343,0
5344,1
5345,0
5346,1
5347,1
5348,0
5349,0
5350,0
5351,0
5352,1
5353,1
5354,1
5355,1
5356,1
5357,1
5358,0
5359,1
5360,0
5361,0
5362,1
5363,0
5364,0
5365,0
5366,0
5367,0
5368,1
5369,0
5370,0
5371,0
5372,1
5373,1
5374,0
5375,0
5376,1
5377,0
5378,1
5379,0
5380,0
5381,1
5382,1
5383,0
5384,0
5385,0
5386,1
5387,0
5388,1
5389,1
5390,0
5391,1
5392,1
5393,1
5394,1
5395,1
5396,0
5397,1
5398,0
5399,0
5400,0
5401,0
5402,1
5403,0
5404,1
5405,0
5406,0
5407,0
5408,1
5409,1
5410,1
5411,0
5412,0
5413,1
5414,1
5415,1
5416,0
5417,1
5418,0
5419,0
5420,0
5421,0
5422,0
5423,1
5424,0
5425,1
5426,0
5427,0
5428,0
5429,1
5430,0
5431,1
5432,0
5433,0
5434,0
5435,1
5436,1
5437,0
5438,0
5439,0
5440,1
5441,0
5442,0
5443,1
5444,0
5445,0
5446,1
5447,1
5448,0
5449,1
5450,1
5451,0
5452,1
5453,0
5454,0
5455,0
5456,0
5457,0
5458,0
5459,1
5460,1
5461,0
5462,1
5463,1
5464,0
5465,0
5466,1
5467,1
5468,1
5469,1
5470,1
5471,0
5472,0
5473,0
5474,1
5475,1
5476,1
5477,1
5478,1
5479,1
5480,0
5481,1
5482,0
5483,0
5484,0
5485,0
5486,0
5487,1
5488,1
5489,0
5490,0
5491,0
5492,0
5493,0
5494,0
5495,1
5496,0
5497,1
5498,1
5499,0
5500,0
5501,0
5502,1
5503,1
5504,1
5505,1
5506,1
5507,1
5508,1
5509,0
5510,1
5511,1
5512,1
5513,1
5514,1
5515,1
5516,0
5517,1
5518,1
5519,0
5520,0
5521,0
5522,1
5523,0
5524,0
5525,1
5526,0
5527,1
5528,0
5529,1
5530,0
5531,0
5532,1
5533,0
5534,0
5535,0
5536,1
5537,1
5538,1
5539,1
5540,1
5541,0
5542,0
5543,1
5544,0
5545,1
5546,1
5547,0
5548,0
5549,1
5550,1
5551,1
5552,0
5553,0
5554,0
5555,0
5556,0
5557,1
5558,0
5559,1
5560,1
5561,0
5562,0
5563,1
5564,0
5565,0
5566,1
5567,1
5568,0
5569,1
5570,1
5571,0
5572,1
5573,1
5574,1
5575,0
5576,0
5577,1
5578,0
5579,0
5580,1
5581,1
5582,1
5583,0
5584,0
5585,0
5586,0
5587,0
5588,0
5589,0
5590,1
5591,1
5592,1
5593,0
5594,1
5595,1
5596,0
5597,1
5598,1
5599,0
5600,0
5601,1
5602,0
5603,1
5604,0
5605,0
5606,1
5607,0
5608,1
5609,1
5610,0
5611,0
5612,0
5613,1
5614,0
5615,1
5616,1
5617,0
5618,1
5619,0
5620,1
5621,0
5622,1
5623,0
5624,0
5625,0
5626,0
5627,1
5628,1
5629,1
5630,1
5631,1
5632,1
5633,0
5634,0
5635,1
5636,0
5637,1
5638,1
5639,0
5640,1
5641,1
5642,0
5643,0
5644,0
5645,1
5646,1
5647,1
5648,0
5649,0
5650,1
5651,0
5652,1
5653,1
5654,1
5655,1
5656,1
5657,1
5658,0
5659,0
5660,1
5661,0
5662,0
5663,0
5664,0
5665,1
5666,0
5667,1
5668,1
5669,0
5670,0
5671,0
5672,0
5673,0
5674,0
5675,1
5676,0
5677,1
5678,1
5679,0
5680,0
5681,1
5682,1
5683,1
5684,0
5685,1
5686,1
5687,0
5688,1
5689,1
5690,1
5691,0
5692,1
5693,1
5694,1
5695,0
5696,1
5697,1
5698,0
5699,1
5700,0
5701,0
5702,1
5703,0
5704,1
5705,0
5706,0
5707,0
5708,0
5709,0
5710,1
5711,0
5712,1
5713,0
5714,0
5715,1
5716,0
5717,1
5718,0
5719,1
5720,0
5721,1
5722,1
5723,0
5724,0
5725,1
5726,0
5727,1
5728,1
5729,0
5730,1
5731,0
5732,0
5733,1
5734,0
5735,0
5736,0
5737,0
5738,0
5739,1
5740,0
5741,1
5742,1
5743,1
5744,1
5745,0
5746,1
5747,1
5748,0
5749,0
5750,0
5751,0
5752,0
5753,1
5754,1
5755,1
5756,1
5757,1
5758,0
5759,1
5760,0
5761,0
5762,1
5763,0
5764,1
5765,0
5766,1
5767,1
5768,1
5769,1
5770,1
5771,0
5772,0
5773,1
5774,1
5775,1
5776,0
5777,0
5778,0
5779,1
5780,0
5781,1
5782,0
5783,0
5784,0
5785,1
5786,1
5787,1
5788,1
5789,1
5790,0
5791,0
5792,1
5793,1
5794,0
5795,0
5796,1
5797,1
5798,0
5799,0
5800,0
5801,1
5802,1
5803,0
5804,0
5805,1
5806,0
5807,0
5808,0
5809,1
5810,0
5811,1
5812,1
5813,0
5814,0
5815,1
5816,1
5817,0
5818,1
5819,1
5820,1
5821,0
5822,0
5823,0
5824,0
5825,1
5826,0
5827,1
5828,1
5829,1
5830,0
5831,0
5832,0
5833,1
5834,1
5835,1
5836,1
5837,0
5838,1
5839,0
5840,1
5841,1
5842,0
5843,0
5844,0
5845,1
5846,1
5847,1
5848,0
5849,0
5850,1
5851,0
5852,0
5853,0
5854,0
5855,1
5856,1
5857,0
5858,1
5859,0
5860,0
5861,0
5862,1
5863,0
5864,1
5865,0
5866,1
5867,0
5868,0
5869,1
5870,0
5871,0
5872,1
5873,1
5874,0
5875,0
5876,1
5877,0
5878,1
5879,0
5880,1
5881,0
5882,0
5883,0
5884,1
5885,0
5886,1
5887,0
5888,1
5889,0
5890,1
5891,0
5892,0
5893,0
5894,0
5895,0
5896,0
5897,1
5898,0
5899,0
5900,1
5901,0
5902,1
5903,1
5904,1
5905,1
5906,1
5907,0
5908,0
5909,1
5910,0
5911,1
5912,0
5913,1
5914,1
5915,1
5916,0
5917,1
5918,1
5919,1
5920,0
5921,0
5922,0
5923,1
5924,1
5925,0
5926,0
5927,0
5928,1
5929,1
5930,0
5931,1
5932,1
5933,0
5934,0
5935,1
5936,0
5937,1
5938,1
5939,1
5940,0
5941,0
5942,0
5943,0
5944,1
5945,1
5946,0
5947,0
5948,0
5949,0
5950,1
5951,0
5952,0
5953,1
5954,1
5955,1
5956,0
5957,1
5958,1
5959,0
5960,0
5961,0
5962,0
5963,1
5964,0
5965,1
5966,0
5967,0
5968,1
5969,0
5970,1
5971,0
5972,1
5973,0
5974,0
5975,0
5976,1
5977,0
5978,0
5979,0
5980,1
5981,0
5982,1
5983,1
5984,0
5985,1
5986,1
5987,0
5988,1
5989,1
5990,0
5991,0
5992,0
5993,0
5994,0
5995,1
5996,1
5997,1
5998,1
5999,0
6000,1
6001,0
6002,1
6003,0
6004,0
6005,1
6006,0
6007,0
6008,1
6009,1
6010,1
6011,1
6012,1
6013,1
6014,0
6015,0
6016,0
6017,0
6018,0
6019,1
6020,0
6021,0
6022,1
6023,0
6024,0
6025,1
6026,0
6027,1
6028,1
6029,0
6030,0
6031,0
6032,0
6033,1
6034,0
6035,1
6036,0
6037,1
6038,1
6039,1
6040,1
6041,0
6042,1
6043,1
6044,0
6045,0
6046,0
6047,1
6048,1
6049,1
6050,0
6051,0
6052,0
6053,1
6054,1
6055,1
6056,1
6057,0
6058,0
6059,0
6060,1
6061,1
6062,0
6063,0
6064,0
6065,0
6066,0
6067,1
6068,0
6069,0
6070,0
6071,0
6072,1
6073,1
6074,1
6075,0
6076,0
6077,1
6078,1
6079,0
6080,0
6081,1
6082,1
6083,0
6084,1
6085,1
6086,1
6087,1
6088,1
6089,0
6090,0
6091,1
6092,0
6093,0
6094,0
6095,0
6096,1
6097,1
6098,1
6099,0
6100,1
6101,1
6102,1
6103,1
6104,0
6105,0
6106,0
6107,0
6108,1
6109,0
6110,1
6111,1
6112,0
6113,1
6114,1
6115,0
6116,1
6117,1
6118,0
6119,0
6120,1
6121,0
6122,1
6123,0
6124,1
6125,0
6126,0
6127,0
6128,1
6129,0
6130,1
6131,1
6132,0
6133,1
6134,0
6135,1
6136,1
6137,0
6138,0
6139,1
6140,1
6141,1
6142,1
6143,1
6144,0
6145,1
6146,0
6147,1
6148,0
6149,0
6150,0
6151,0
6152,1
6153,0
6154,0
6155,0
6156,0
6157,0
6158,0
6159,1
6160,1
6161,1
6162,1
6163,0
6164,1
6165,1
6166,0
6167,0
6168,0
6169,1
6170,1
6171,1
6172,0
6173,0
6174,0
6175,0
6176,0
6177,0
6178,1
6179,0
6180,1
6181,0
6182,0
6183,1
6184,0
6185,0
6186,1
6187,0
6188,0
6189,1
6190,0
6191,0
6192,1
6193,0
6194,0
6195,1
6196,1
6197,1
6198,1
6199,0
6200,0
6201,1
6202,0
6203,0
6204,1
6205,1
6206,1
6207,1
6208,1
6209,0
6210,1
6211,0
6212,1
6213,1
6214,1
6215,0
6216,1
6217,1
6218,1
6219,0
6220,1
6221,0
6222,0
6223,1
6224,0
6225,1
6226,1
6227,0
6228,0
6229,1
6230,0
6231,1
6232,1
6233,0
6234,1
6235,1
6236,0
6237,0
6238,0
6239,0
6240,0
6241,1
6242,1
6243,1
6244,0
6245,1
6246,0
6247,0
6248,0
6249,0
6250,0
6251,0
6252,0
6253,0
6254,0
6255,1
6256,0
6257,1
6258,0
6259,1
6260,0
6261,0
6262,1
6263,1
6264,1
6265,1
6266,1
6267,0
6268,0
6269,0
6270,0
6271,0
6272,1
6273,0
6274,1
6275,1
6276,1
6277,1
6278,1
6279,1
6280,1
6281,0
6282,0
6283,1
6284,0
6285,1
6286,0
6287,0
6288,0
6289,1
6290,1
6291,0
6292,0
6293,1
6294,0
6295,1
6296,0
6297,1
6298,0
6299,1
6300,1
6301,1
6302,1
6303,0
6304,0
6305,1
6306,1
6307,0
6308,0
6309,0
6310,0
6311,0
6312,0
6313,1
6314,1
6315,1
6316,0
6317,0
6318,1
6319,0
6320,1
6321,1
6322,1
6323,0
6324,0
6325,1
6326,0
6327,0
6328,1
6329,1
6330,1
6331,1
6332,0
6333,0
6334,1
6335,1
6336,0
6337,1
6338,1
6339,1
6340,0
6341,1
6342,0
6343,0
6344,0
6345,0
6346,0
6347,0
6348,0
6349,0
6350,0
6351,0
6352,1
6353,0
6354,0
6355,0
6356,0
6357,1
6358,1
6359,0
6360,0
6361,1
6362,0
6363,1
6364,1
6365,1
6366,0
6367,0
6368,0
6369,1
6370,1
6371,1
6372,0
6373,1
6374,1
6375,1
6376,1
6377,0
6378,0
6379,0
6380,0
6381,1
6382,0
6383,1
6384,0
6385,1
6386,1
6387,0
6388,1
6389,0
6390,1
6391,0
6392,0
6393,0
6394,0
6395,0
6396,0
6397,0
6398,1
6399,1
6400,1
6401,1
6402,1
6403,0
6404,1
6405,0
6406,0
6407,1
6408,1
6409,1
6410,0
6411,1
6412,0
6413,1
6414,1
6415,0
6416,1
6417,1
6418,1
6419,0
6420,1
6421,0
6422,0
6423,0
6424,1
6425,1
6426,1
6427,1
6428,1
6429,0
6430,0
6431,0
6432,1
6433,0
6434,1
6435,0
6436,0
6437,0
6438,1
6439,0
6440,1
6441,1
6442,1
6443,0
6444,0
6445,0
6446,0
6447,1
6448,0
6449,0
6450,0
6451,0
6452,1
6453,0
6454,0
6455,0
6456,0
6457,1
6458,0
6459,1
6460,0
6461,1
6462,1
6463,1
6464,1
6465,1
6466,0
6467,1
6468,1
6469,1
6470,1
6471,0
6472,1
6473,1
6474,1
6475,0
6476,0
6477,0
6478,1
6479,1
6480,0
6481,0
6482,1
6483,0
6484,1
6485,1
6486,1
6487,0
6488,1
6489,1
6490,1
6491,0
6492,1
6493,1
6494,1
6495,0
6496,0
6497,0
6498,1
6499,1
6500,0
6501,0
6502,1
6503,1
6504,1
6505,0
6506,1
6507,1
6508,0
6509,0
6510,0
6511,0
6512,1
6513,1
6514,0
6515,0
6516,0
6517,0
6518,1
6519,0
6520,0
6521,1
6522,1
6523,0
6524,0
6525,1
6526,0
6527,0
6528,0
6529,0
6530,0
6531,1
6532,1
6533,0
6534,1
6535,0
6536,1
6537,0
6538,0
6539,1
6540,0
6541,0
6542,0
6543,0
6544,0
6545,0
6546,1
6547,0
6548,0
6549,1
6550,0
6551,1
6552,0
6553,1
6554,1
6555,1
6556,1
6557,0
6558,1
6559,1
6560,0
6561,1
6562,1
6563,1
6564,1
6565,1
6566,0
6567,0
6568,0
6569,1
6570,1
6571,1
6572,0
6573,1
6574,0
6575,1
6576,1
6577,0
6578,1
6579,0
6580,0
6581,1
6582,0
6583,1
6584,1
6585,1
6586,1
6587,1
6588,1
6589,1
6590,1
6591,0
6592,1
6593,0
6594,0
6595,1
6596,1
6597,1
6598,0
6599,1
6600,0
6601,1
6602,1
6603,1
6604,0
6605,0
6606,1
6607,1
6608,1
6609,1
6610,0
6611,1
6612,0
6613,1
6614,1
6615,0
6616,1
6617,1
6618,0
6619,1
6620,1
6621,0
6622,0
6623,1
6624,1
6625,1
6626,1
6627,0
6628,0
6629,1
6630,0
6631,0
6632,1
6633,0
6634,0
6635,0
6636,0
6637,1
6638,0
6639,0
6640,1
6641,1
6642,1
6643,1
6644,1
6645,0
6646,0
6647,0
6648,1
6649,0
6650,1
6651,0
6652,1
6653,1
6654,0
6655,1
6656,0
6657,1
6658,0
6659,1
6660,0
6661,0
6662,1
6663,1
6664,0
6665,0
6666,1
6667,0
6668,1
6669,0
6670,0
6671,1
6672,1
6673,0
6674,1
6675,0
6676,1
6677,1
6678,1
6679,0
6680,1
6681,0
6682,1
6683,0
6684,1
6685,1
6686,1
6687,0
6688,0
6689,0
6690,0
6691,0
6692,1
6693,1
6694,1
6695,1
6696,1
6697,0
6698,1
6699,0
6700,1
6701,0
6702,1
6703,1
6704,0
6705,1
6706,0
6707,1
6708,0
6709,0
6710,0
6711,0
6712,0
6713,0
6714,1
6715,1
6716,1
6717,0
6718,0
6719,0
6720,0
6721,0
6722,1
6723,1
6724,1
6725,0
6726,1
6727,1
6728,0
6729,1
6730,0
6731,0
6732,1
6733,0
6734,1
6735,0
6736,1
6737,0
6738,0
6739,1
6740,0
6741,1
6742,1
6743,0
6744,0
6745,1
6746,0
6747,1
6748,1
6749,1
6750,1
6751,0
6752,1
6753,0
6754,1
6755,0
6756,0
6757,0
6758,1
6759,0
6760,1
6761,0
6762,0
6763,1
6764,0
6765,0
6766,0
6767,1
6768,1
6769,1
6770,0
6771,1
6772,1
6773,1
6774,0
6775,0
6776,0
6777,1
6778,1
6779,0
6780,1
6781,1
6782,0
6783,1
6784,0
6785,1
6786,0
6787,0
6788,1
6789,1
6790,0
6791,0
6792,1
6793,1
6794,0
6795,0
6796,0
6797,1
6798,1
6799,0
6800,1
6801,0
6802,0
6803,0
6804,0
6805,1
6806,1
6807,0
6808,0
6809,0
6810,1
6811,1
6812,0
6813,1
6814,1
6815,1
6816,1
6817,1
6818,0
6819,0
6820,0
6821,1
6822,1
6823,1
6824,0
6825,1
6826,0
6827,0
6828,0
6829,1
6830,1
6831,0
6832,1
6833,0
6834,1
6835,1
6836,1
6837,1
6838,1
6839,1
6840,1
6841,1
6842,1
6843,0
6844,0
6845,1
6846,1
6847,1
6848,1
6849,0
6850,0
6851,0
6852,0
6853,0
6854,1
6855,0
6856,1
6857,1
6858,0
6859,1
6860,1
6861,1
6862,0
6863,1
6864,1
6865,1
6866,1
6867,1
6868,0
6869,1
6870,0
6871,0
6872,0
6873,1
6874,0
6875,1
6876,0
6877,0
6878,1
6879,0
6880,0
6881,1
6882,1
6883,0
6884,1
6885,1
6886,1
6887,0
6888,0
6889,0
6890,1
6891,0
6892,0
6893,1
6894,0
6895,1
6896,0
6897,1
6898,0
6899,0
6900,1
6901,1
6902,1
6903,1
6904,1
6905,0
6906,1
6907,0
6908,0
6909,1
6910,0
6911,1
6912,1
6913,1
6914,0
6915,1
6916,1
6917,0
6918,0
6919,1
6920,1
6921,1
6922,1
6923,0
6924,1
6925,0
6926,1
6927,1
6928,1
6929,0
6930,0
6931,1
6932,1
6933,0
6934,1
6935,1
6936,0
6937,0
6938,0
6939,0
6940,1
6941,0
6942,0
6943,0
6944,1
6945,1
6946,0
6947,0
6948,1
6949,0
6950,0
6951,1
6952,0
6953,0
6954,0
6955,1
6956,1
6957,1
6958,1
6959,1
6960,0
6961,0
6962,0
6963,0
6964,0
6965,1
6966,0
6967,0
6968,0
6969,0
6970,0
6971,1
6972,0
6973,1
6974,0
6975,0
6976,1
6977,1
6978,1
6979,0
6980,0
6981,0
6982,1
6983,0
6984,1
6985,1
6986,0
6987,1
6988,1
6989,1
6990,1
6991,0
6992,1
6993,1
6994,1
6995,1
6996,0
6997,1
6998,0
6999,1
7000,0
7001,0
7002,1
7003,1
7004,0
7005,0
7006,0
7007,1
7008,0
7009,0
7010,1
7011,1
7012,0
7013,0
7014,1
7015,1
7016,1
7017,0
7018,0
7019,1
7020,1
7021,0
7022,0
7023,1
7024,1
7025,1
7026,0
7027,1
7028,0
7029,0
7030,0
7031,1
7032,0
7033,0
7034,0
7035,1
7036,0
7037,0
7038,1
7039,0
7040,0
7041,1
7042,0
7043,1
7044,0
7045,0
7046,1
7047,1
7048,0
7049,0
7050,0
7051,1
7052,1
7053,0
7054,0
7055,0
7056,0
7057,0
7058,0
7059,0
7060,1
7061,0
7062,1
7063,1
7064,0
7065,1
7066,1
7067,0
7068,1
7069,0
7070,0
7071,1
7072,0
7073,1
7074,0
7075,0
7076,1
7077,0
7078,1
7079,0
7080,1
7081,1
7082,0
7083,1
7084,0
7085,1
7086,0
7087,0
7088,0
7089,0
7090,0
7091,0
7092,1
7093,1
7094,1
7095,0
7096,0
7097,1
7098,1
7099,1
7100,0
7101,0
7102,1
7103,0
7104,0
7105,0
7106,1
7107,1
7108,0
7109,1
7110,0
7111,0
7112,0
7113,0
7114,0
7115,1
7116,1
7117,1
7118,1
7119,0
7120,1
7121,0
7122,1
7123,1
7124,1
7125,0
7126,0
7127,1
7128,1
7129,1
7130,1
7131,1
7132,0
7133,1
7134,0
7135,0
7136,0
7137,1
7138,1
7139,0
7140,1
7141,0
7142,0
7143,1
7144,1
7145,0
7146,0
7147,1
7148,1
7149,0
7150,1
7151,1
7152,1
7153,1
7154,1
7155,1
7156,1
7157,0
7158,0
7159,1
7160,0
7161,0
7162,1
7163,1
7164,1
7165,0
7166,1
7167,0
7168,0
7169,1
7170,0
7171,0
7172,0
7173,1
7174,1
7175,0
7176,1
7177,0
7178,1
7179,1
7180,0
7181,0
7182,0
7183,0
7184,0
7185,1
7186,1
7187,0
7188,1
7189,1
7190,0
7191,1
7192,1
7193,0
7194,1
7195,0
7196,0
7197,0
7198,1
7199,0
7200,1
7201,1
7202,1
7203,0
7204,0
7205,1
7206,1
7207,1
7208,1
7209,0
7210,0
7211,0
7212,1
7213,1
7214,1
7215,1
7216,1
7217,0
7218,0
7219,1
7220,0
7221,0
7222,1
7223,0
7224,1
7225,0
7226,1
7227,0
7228,0
7229,1
7230,0
7231,0
7232,1
7233,1
7234,0
7235,1
7236,1
7237,1
7238,1
7239,1
7240,1
7241,0
7242,0
7243,1
7244,0
7245,1
7246,1
7247,0
7248,1
7249,1
7250,1
7251,0
7252,1
7253,0
7254,1
7255,1
7256,0
7257,0
7258,1
7259,0
7260,1
7261,0
7262,1
7263,0
7264,1
7265,1
7266,0
7267,1
7268,1
7269,0
7270,0
7271,1
7272,1
7273,0
7274,0
7275,0
7276,0
7277,0
7278,1
7279,0
7280,0
7281,0
7282,0
7283,0
7284,0
7285,0
7286,0
7287,0
7288,0
7289,0
7290,0
7291,1
7292,1
7293,0
7294,1
7295,0
7296,0
7297,0
7298,1
7299,0
7300,0
7301,1
7302,1
7303,1
7304,0
7305,0
7306,1
7307,0
7308,1
7309,1
7310,1
